filename,skipped_frame,frame_number,gt_skipped_frame
frame_0.png,0,0,0
frame_1.png,0,1,0
frame_2.png,0,2,0
frame_3.png,0,3,0
frame_4.png,0,4,0
frame_5.png,0,5,0
frame_6.png,0,6,0
frame_7.png,0,7,0
frame_8.png,0,8,0
frame_9.png,0,9,0
frame_10.png,0,10,0
frame_11.png,0,11,0
frame_12.png,0,12,0
frame_13.png,0,13,0
frame_14.png,0,14,0
frame_15.png,0,15,0
frame_16.png,0,16,0
frame_17.png,0,17,0
frame_18.png,0,18,0
frame_19.png,0,19,0
frame_20.png,0,20,0
frame_21.png,0,21,0
frame_22.png,0,22,0
frame_23.png,0,23,0
frame_24.png,0,24,0
frame_25.png,0,25,0
frame_26.png,0,26,0
frame_27.png,0,27,0
frame_28.png,0,28,0
frame_29.png,0,29,0
frame_30.png,0,30,0
frame_31.png,0,31,0
frame_32.png,0,32,0
frame_33.png,0,33,0
frame_34.png,0,34,0
frame_35.png,0,35,0
frame_36.png,0,36,0
frame_37.png,0,37,0
frame_38.png,0,38,0
frame_39.png,0,39,0
frame_40.png,0,40,0
frame_41.png,0,41,0
frame_42.png,0,42,0
frame_43.png,0,43,0
frame_44.png,0,44,0
frame_45.png,0,45,0
frame_46.png,0,46,0
frame_47.png,0,47,0
frame_48.png,0,48,0
frame_49.png,0,49,0
frame_50.png,0,50,0
frame_51.png,0,51,0
frame_52.png,0,52,0
frame_53.png,0,53,0
frame_54.png,0,54,0
frame_55.png,0,55,0
frame_56.png,0,56,0
frame_57.png,0,57,0
frame_58.png,0,58,0
frame_59.png,0,59,0
frame_60.png,0,60,0
frame_61.png,0,61,0
frame_62.png,0,62,0
frame_63.png,0,63,0
frame_64.png,0,64,0
frame_65.png,0,65,0
frame_66.png,0,66,0
frame_67.png,0,67,0
frame_68.png,0,68,0
frame_69.png,0,69,0
frame_70.png,0,70,0
frame_71.png,0,71,0
frame_72.png,0,72,0
frame_73.png,0,73,0
frame_74.png,0,74,0
frame_75.png,0,75,0
frame_76.png,0,76,0
frame_77.png,0,77,0
frame_78.png,0,78,0
frame_79.png,0,79,0
frame_80.png,0,80,0
frame_81.png,0,81,0
frame_82.png,0,82,0
frame_83.png,0,83,0
frame_84.png,0,84,0
frame_85.png,0,85,0
frame_86.png,0,86,0
frame_87.png,0,87,0
frame_88.png,0,88,0
frame_89.png,0,89,0
frame_90.png,0,90,0
frame_91.png,0,91,0
frame_92.png,0,92,0
frame_93.png,0,93,0
frame_94.png,0,94,0
frame_95.png,0,95,0
frame_96.png,0,96,0
frame_97.png,0,97,0
frame_98.png,0,98,0
frame_99.png,0,99,0
frame_100.png,0,100,0
frame_101.png,0,101,0
frame_102.png,0,102,0
frame_103.png,0,103,0
frame_104.png,0,104,0
frame_105.png,0,105,0
frame_106.png,0,106,0
frame_107.png,0,107,0
frame_108.png,0,108,0
frame_109.png,0,109,0
frame_110.png,0,110,0
frame_111.png,0,111,0
frame_112.png,0,112,0
frame_113.png,0,113,0
frame_114.png,0,114,0
frame_115.png,0,115,0
frame_116.png,0,116,0
frame_117.png,0,117,0
frame_118.png,0,118,0
frame_119.png,0,119,0
frame_120.png,0,120,0
frame_121.png,0,121,0
frame_122.png,0,122,0
frame_123.png,0,123,0
frame_124.png,0,124,0
frame_125.png,0,125,0
frame_126.png,0,126,0
frame_127.png,0,127,0
frame_128.png,0,128,0
frame_129.png,0,129,0
frame_130.png,0,130,0
frame_131.png,0,131,0
frame_132.png,0,132,0
frame_133.png,0,133,0
frame_134.png,0,134,0
frame_135.png,0,135,0
frame_136.png,0,136,0
frame_137.png,0,137,0
frame_138.png,0,138,0
frame_139.png,0,139,0
frame_140.png,0,140,0
frame_141.png,0,141,0
frame_142.png,0,142,0
frame_143.png,0,143,0
frame_144.png,0,144,0
frame_145.png,0,145,0
frame_146.png,0,146,0
frame_147.png,0,147,0
frame_148.png,0,148,0
frame_149.png,0,149,0
frame_150.png,0,150,0
frame_151.png,0,151,0
frame_152.png,0,152,0
frame_153.png,0,153,0
frame_154.png,0,154,0
frame_155.png,0,155,0
frame_156.png,0,156,0
frame_157.png,0,157,0
frame_158.png,0,158,0
frame_159.png,0,159,0
frame_160_skipped.png,1,160,1
frame_161_skipped.png,1,161,1
frame_162_skipped.png,1,162,1
frame_163_skipped.png,1,163,1
frame_164_skipped.png,1,164,1
frame_165_skipped.png,1,165,1
frame_166_skipped.png,1,166,1
frame_167_skipped.png,1,167,1
frame_168_skipped.png,1,168,1
frame_169_skipped.png,1,169,1
frame_170_skipped.png,1,170,1
frame_171_skipped.png,1,171,1
frame_172_skipped.png,1,172,1
frame_173_skipped.png,1,173,1
frame_174_skipped.png,1,174,1
frame_175_skipped.png,1,175,1
frame_176_skipped.png,1,176,1
frame_177_skipped.png,1,177,1
frame_178_skipped.png,1,178,1
frame_179_skipped.png,1,179,1
frame_180_skipped.png,1,180,1
frame_181_skipped.png,1,181,1
frame_182_skipped.png,1,182,1
frame_183_skipped.png,1,183,1
frame_184_skipped.png,1,184,1
frame_185_skipped.png,1,185,1
frame_186_skipped.png,1,186,1
frame_187_skipped.png,1,187,1
frame_188_skipped.png,1,188,1
frame_189_skipped.png,1,189,1
frame_190_skipped.png,1,190,1
frame_191_skipped.png,1,191,1
frame_192_skipped.png,1,192,1
frame_193_skipped.png,1,193,1
frame_194_skipped.png,1,194,1
frame_195_skipped.png,1,195,1
frame_196_skipped.png,1,196,1
frame_197_skipped.png,1,197,1
frame_198_skipped.png,1,198,1
frame_199_skipped.png,1,199,1
frame_200_skipped.png,1,200,1
frame_201_skipped.png,1,201,1
frame_202_skipped.png,1,202,1
frame_203_skipped.png,1,203,1
frame_204_skipped.png,1,204,1
frame_205_skipped.png,1,205,1
frame_206_skipped.png,1,206,1
frame_207_skipped.png,1,207,1
frame_208_skipped.png,1,208,1
frame_209_skipped.png,1,209,1
frame_210_skipped.png,1,210,1
frame_211_skipped.png,1,211,1
frame_212_skipped.png,1,212,1
frame_213_skipped.png,1,213,1
frame_214_skipped.png,1,214,1
frame_215_skipped.png,1,215,1
frame_216_skipped.png,1,216,1
frame_217_skipped.png,1,217,1
frame_218_skipped.png,1,218,1
frame_219_skipped.png,1,219,1
frame_220_skipped.png,1,220,1
frame_221_skipped.png,1,221,1
frame_222_skipped.png,1,222,1
frame_223_skipped.png,1,223,1
frame_224_skipped.png,1,224,1
frame_225_skipped.png,1,225,1
frame_226_skipped.png,1,226,1
frame_227_skipped.png,1,227,1
frame_228_skipped.png,1,228,1
frame_229_skipped.png,1,229,1
frame_230_skipped.png,1,230,1
frame_231_skipped.png,1,231,1
frame_232_skipped.png,1,232,1
frame_233_skipped.png,1,233,1
frame_234_skipped.png,1,234,1
frame_235_skipped.png,1,235,1
frame_236_skipped.png,1,236,1
frame_237_skipped.png,1,237,1
frame_238_skipped.png,1,238,1
frame_239_skipped.png,1,239,1
frame_240_skipped.png,1,240,1
frame_241_skipped.png,1,241,1
frame_242_skipped.png,1,242,1
frame_243_skipped.png,1,243,1
frame_244_skipped.png,1,244,1
frame_245_skipped.png,1,245,1
frame_246_skipped.png,1,246,1
frame_247_skipped.png,1,247,1
frame_248_skipped.png,1,248,1
frame_249_skipped.png,1,249,1
frame_250_skipped.png,1,250,1
frame_251_skipped.png,1,251,1
frame_252_skipped.png,1,252,1
frame_253_skipped.png,1,253,1
frame_254_skipped.png,1,254,1
frame_255_skipped.png,1,255,1
frame_256_skipped.png,1,256,1
frame_257_skipped.png,1,257,1
frame_258_skipped.png,1,258,1
frame_259_skipped.png,1,259,1
frame_260_skipped.png,1,260,1
frame_261_skipped.png,1,261,1
frame_262_skipped.png,1,262,1
frame_263_skipped.png,1,263,1
frame_264_skipped.png,1,264,1
frame_265_skipped.png,1,265,1
frame_266_skipped.png,1,266,1
frame_267_skipped.png,1,267,1
frame_268_skipped.png,1,268,1
frame_269_skipped.png,1,269,1
frame_270_skipped.png,1,270,1
frame_271_skipped.png,1,271,1
frame_272_skipped.png,1,272,1
frame_273_skipped.png,1,273,1
frame_274_skipped.png,1,274,1
frame_275_skipped.png,1,275,1
frame_276_skipped.png,1,276,1
frame_277_skipped.png,1,277,1
frame_278_skipped.png,1,278,1
frame_279_skipped.png,1,279,1
frame_280_skipped.png,1,280,1
frame_281_skipped.png,1,281,1
frame_282_skipped.png,1,282,1
frame_283_skipped.png,1,283,1
frame_284_skipped.png,1,284,1
frame_285_skipped.png,1,285,1
frame_286_skipped.png,1,286,1
frame_287_skipped.png,1,287,1
frame_288_skipped.png,1,288,1
frame_289_skipped.png,1,289,1
frame_290_skipped.png,1,290,1
frame_291_skipped.png,1,291,1
frame_292_skipped.png,1,292,1
frame_293_skipped.png,1,293,1
frame_294_skipped.png,1,294,1
frame_295_skipped.png,1,295,1
frame_296_skipped.png,1,296,1
frame_297_skipped.png,1,297,1
frame_298_skipped.png,1,298,1
frame_299_skipped.png,1,299,1
frame_300_skipped.png,1,300,1
frame_301_skipped.png,1,301,1
frame_302_skipped.png,1,302,1
frame_303_skipped.png,1,303,1
frame_304_skipped.png,1,304,1
frame_305_skipped.png,1,305,1
frame_306_skipped.png,1,306,1
frame_307_skipped.png,1,307,1
frame_308_skipped.png,1,308,1
frame_309_skipped.png,1,309,1
frame_310_skipped.png,1,310,1
frame_311_skipped.png,1,311,1
frame_312_skipped.png,1,312,1
frame_313_skipped.png,1,313,1
frame_314_skipped.png,1,314,1
frame_315_skipped.png,1,315,1
frame_316_skipped.png,1,316,1
frame_317_skipped.png,1,317,1
frame_318_skipped.png,1,318,1
frame_319_skipped.png,1,319,1
frame_320_skipped.png,1,320,1
frame_321_skipped.png,1,321,1
frame_322_skipped.png,1,322,1
frame_323_skipped.png,1,323,1
frame_324_skipped.png,1,324,1
frame_325_skipped.png,1,325,1
frame_326_skipped.png,1,326,1
frame_327_skipped.png,1,327,1
frame_328_skipped.png,1,328,1
frame_329_skipped.png,1,329,1
frame_330_skipped.png,1,330,1
frame_331_skipped.png,1,331,1
frame_332_skipped.png,1,332,1
frame_333_skipped.png,1,333,1
frame_334_skipped.png,1,334,1
frame_335_skipped.png,1,335,1
frame_336_skipped.png,1,336,1
frame_337_skipped.png,1,337,1
frame_338_skipped.png,1,338,1
frame_339_skipped.png,1,339,1
frame_340_skipped.png,1,340,1
frame_341_skipped.png,1,341,1
frame_342_skipped.png,1,342,1
frame_343_skipped.png,1,343,1
frame_344_skipped.png,1,344,1
frame_345_skipped.png,1,345,1
frame_346_skipped.png,1,346,1
frame_347_skipped.png,1,347,1
frame_348_skipped.png,1,348,1
frame_349_skipped.png,1,349,1
frame_350_skipped.png,1,350,1
frame_351_skipped.png,1,351,1
frame_352_skipped.png,1,352,1
frame_353_skipped.png,1,353,1
frame_354_skipped.png,1,354,1
frame_355_skipped.png,1,355,1
frame_356_skipped.png,1,356,1
frame_357_skipped.png,1,357,1
frame_358_skipped.png,1,358,1
frame_359_skipped.png,1,359,1
frame_360_skipped.png,1,360,1
frame_361_skipped.png,1,361,1
frame_362_skipped.png,1,362,1
frame_363_skipped.png,1,363,1
frame_364_skipped.png,1,364,1
frame_365_skipped.png,1,365,1
frame_366_skipped.png,1,366,1
frame_367_skipped.png,1,367,1
frame_368_skipped.png,1,368,1
frame_369_skipped.png,1,369,1
frame_370_skipped.png,1,370,1
frame_371_skipped.png,1,371,1
frame_372_skipped.png,1,372,1
frame_373_skipped.png,1,373,1
frame_374_skipped.png,1,374,1
frame_375_skipped.png,1,375,1
frame_376_skipped.png,1,376,1
frame_377_skipped.png,1,377,1
frame_378_skipped.png,1,378,1
frame_379_skipped.png,1,379,1
frame_380_skipped.png,1,380,1
frame_381_skipped.png,1,381,1
frame_382_skipped.png,1,382,1
frame_383_skipped.png,1,383,1
frame_384_skipped.png,1,384,1
frame_385_skipped.png,1,385,1
frame_386_skipped.png,1,386,1
frame_387_skipped.png,1,387,1
frame_388_skipped.png,1,388,1
frame_389_skipped.png,1,389,1
frame_390_skipped.png,1,390,1
frame_391_skipped.png,1,391,1
frame_392_skipped.png,1,392,1
frame_393_skipped.png,1,393,1
frame_394_skipped.png,1,394,1
frame_395_skipped.png,1,395,1
frame_396_skipped.png,1,396,1
frame_397_skipped.png,1,397,1
frame_398_skipped.png,1,398,1
frame_399_skipped.png,1,399,1
frame_400_skipped.png,1,400,1
frame_401_skipped.png,1,401,1
frame_402_skipped.png,1,402,1
frame_403_skipped.png,1,403,1
frame_404_skipped.png,1,404,1
frame_405_skipped.png,1,405,1
frame_406_skipped.png,1,406,1
frame_407_skipped.png,1,407,1
frame_408_skipped.png,1,408,1
frame_409_skipped.png,1,409,1
frame_410_skipped.png,1,410,1
frame_411_skipped.png,1,411,1
frame_412_skipped.png,1,412,1
frame_413_skipped.png,1,413,1
frame_414_skipped.png,1,414,1
frame_415_skipped.png,1,415,1
frame_416_skipped.png,1,416,1
frame_417_skipped.png,1,417,1
frame_418_skipped.png,1,418,1
frame_419_skipped.png,1,419,1
frame_420_skipped.png,1,420,1
frame_421_skipped.png,1,421,1
frame_422_skipped.png,1,422,1
frame_423_skipped.png,1,423,1
frame_424_skipped.png,1,424,1
frame_425_skipped.png,1,425,1
frame_426_skipped.png,1,426,1
frame_427_skipped.png,1,427,1
frame_428_skipped.png,1,428,1
frame_429_skipped.png,1,429,1
frame_430_skipped.png,1,430,1
frame_431_skipped.png,1,431,1
frame_432_skipped.png,1,432,1
frame_433_skipped.png,1,433,1
frame_434_skipped.png,1,434,1
frame_435_skipped.png,1,435,1
frame_436_skipped.png,1,436,1
frame_437_skipped.png,1,437,1
frame_438_skipped.png,1,438,1
frame_439_skipped.png,1,439,1
frame_440_skipped.png,1,440,1
frame_441_skipped.png,1,441,1
frame_442_skipped.png,1,442,1
frame_443_skipped.png,1,443,1
frame_444_skipped.png,1,444,1
frame_445_skipped.png,1,445,1
frame_446_skipped.png,1,446,1
frame_447_skipped.png,1,447,1
frame_448_skipped.png,1,448,1
frame_449_skipped.png,1,449,1
frame_450_skipped.png,1,450,1
frame_451_skipped.png,1,451,1
frame_452_skipped.png,1,452,1
frame_453_skipped.png,1,453,1
frame_454_skipped.png,1,454,1
frame_455_skipped.png,1,455,1
frame_456_skipped.png,1,456,1
frame_457_skipped.png,1,457,1
frame_458_skipped.png,1,458,1
frame_459_skipped.png,1,459,1
frame_460_skipped.png,1,460,1
frame_461_skipped.png,1,461,0
frame_462.png,0,462,0
frame_463.png,0,463,0
frame_464.png,0,464,0
frame_465.png,0,465,0
frame_466.png,0,466,0
frame_467.png,0,467,0
frame_468.png,0,468,0
frame_469.png,0,469,0
frame_470.png,0,470,0
frame_471.png,0,471,0
frame_472.png,0,472,0
frame_473.png,0,473,0
frame_474.png,0,474,0
frame_475.png,0,475,0
frame_476.png,0,476,0
frame_477.png,0,477,0
frame_478.png,0,478,0
frame_479.png,0,479,0
frame_480.png,0,480,0
frame_481.png,0,481,0
frame_482.png,0,482,0
frame_483.png,0,483,0
frame_484.png,0,484,0
frame_485.png,0,485,0
frame_486.png,0,486,0
frame_487.png,0,487,0
frame_488.png,0,488,0
frame_489.png,0,489,0
frame_490.png,0,490,0
frame_491.png,0,491,0
frame_492.png,0,492,0
frame_493.png,0,493,0
frame_494.png,0,494,0
frame_495.png,0,495,0
frame_496.png,0,496,0
frame_497.png,0,497,0
frame_498.png,0,498,0
frame_499.png,0,499,0
frame_500.png,0,500,0
frame_501.png,0,501,0
frame_502.png,0,502,0
frame_503.png,0,503,0
frame_504.png,0,504,0
frame_505.png,0,505,0
frame_506.png,0,506,0
frame_507.png,0,507,0
frame_508.png,0,508,0
frame_509.png,0,509,0
frame_510.png,0,510,0
frame_511.png,0,511,0
frame_512.png,0,512,0
frame_513.png,0,513,0
frame_514.png,0,514,0
frame_515.png,0,515,0
frame_516.png,0,516,0
frame_517.png,0,517,0
frame_518.png,0,518,0
frame_519.png,0,519,0
frame_520.png,0,520,0
frame_521.png,0,521,0
frame_522.png,0,522,0
frame_523.png,0,523,0
frame_524.png,0,524,0
frame_525.png,0,525,0
frame_526.png,0,526,0
frame_527.png,0,527,0
frame_528.png,0,528,0
frame_529.png,0,529,0
frame_530.png,0,530,0
frame_531.png,0,531,0
frame_532.png,0,532,0
frame_533.png,0,533,0
frame_534.png,0,534,0
frame_535.png,0,535,0
frame_536.png,0,536,0
frame_537.png,0,537,0
frame_538.png,0,538,0
frame_539.png,0,539,0
frame_540.png,0,540,0
frame_541.png,0,541,0
frame_542.png,0,542,0
frame_543.png,0,543,0
frame_544.png,0,544,0
frame_545.png,0,545,0
frame_546.png,0,546,0
frame_547.png,0,547,0
frame_548.png,0,548,0
frame_549.png,0,549,0
frame_550.png,0,550,0
frame_551.png,0,551,0
frame_552.png,0,552,0
frame_553.png,0,553,0
frame_554.png,0,554,0
frame_555.png,0,555,0
frame_556.png,0,556,0
frame_557.png,0,557,0
frame_558.png,0,558,0
frame_559.png,0,559,0
frame_560.png,0,560,0
frame_561.png,0,561,0
frame_562.png,0,562,0
frame_563.png,0,563,0
frame_564.png,0,564,0
frame_565.png,0,565,0
frame_566.png,0,566,0
frame_567.png,0,567,0
frame_568.png,0,568,0
frame_569.png,0,569,0
frame_570.png,0,570,0
frame_571.png,0,571,0
frame_572.png,0,572,0
frame_573.png,0,573,0
frame_574.png,0,574,0
frame_575.png,0,575,0
frame_576.png,0,576,0
frame_577.png,0,577,0
frame_578.png,0,578,0
frame_579.png,0,579,0
frame_580.png,0,580,0
frame_581.png,0,581,0
frame_582.png,0,582,0
frame_583.png,0,583,0
frame_584.png,0,584,0
frame_585.png,0,585,0
frame_586.png,0,586,0
frame_587.png,0,587,0
frame_588.png,0,588,0
frame_589.png,0,589,0
frame_590.png,0,590,0
frame_591.png,0,591,0
frame_592.png,0,592,0
frame_593.png,0,593,0
frame_594.png,0,594,0
frame_595.png,0,595,0
frame_596.png,0,596,0
frame_597.png,0,597,0
frame_598.png,0,598,0
frame_599.png,0,599,0
frame_600.png,0,600,0
frame_601.png,0,601,0
frame_602.png,0,602,0
frame_603.png,0,603,0
frame_604.png,0,604,0
frame_605.png,0,605,0
frame_606.png,0,606,0
frame_607.png,0,607,0
frame_608.png,0,608,0
frame_609.png,0,609,0
frame_610.png,0,610,0
frame_611.png,0,611,0
frame_612.png,0,612,0
frame_613.png,0,613,0
frame_614.png,0,614,0
frame_615.png,0,615,0
frame_616.png,0,616,0
frame_617.png,0,617,0
frame_618.png,0,618,0
frame_619.png,0,619,0
frame_620.png,0,620,0
frame_621.png,0,621,0
frame_622.png,0,622,0
frame_623.png,0,623,0
frame_624.png,0,624,0
frame_625.png,0,625,0
frame_626.png,0,626,0
frame_627.png,0,627,0
frame_628.png,0,628,0
frame_629.png,0,629,0
frame_630.png,0,630,0
frame_631.png,0,631,0
frame_632.png,0,632,0
frame_633.png,0,633,0
frame_634.png,0,634,0
frame_635.png,0,635,0
frame_636.png,0,636,0
frame_637.png,0,637,0
frame_638.png,0,638,0
frame_639.png,0,639,0
frame_640.png,0,640,0
frame_641.png,0,641,0
frame_642.png,0,642,0
frame_643.png,0,643,0
frame_644.png,0,644,0
frame_645.png,0,645,0
frame_646.png,0,646,0
frame_647.png,0,647,0
frame_648.png,0,648,0
frame_649.png,0,649,0
frame_650.png,0,650,0
frame_651.png,0,651,0
frame_652.png,0,652,0
frame_653.png,0,653,0
frame_654.png,0,654,0
frame_655.png,0,655,0
frame_656.png,0,656,0
frame_657.png,0,657,0
frame_658.png,0,658,0
frame_659.png,0,659,0
frame_660.png,0,660,0
frame_661.png,0,661,0
frame_662.png,0,662,0
frame_663.png,0,663,0
frame_664.png,0,664,0
frame_665.png,0,665,0
frame_666.png,0,666,0
frame_667.png,0,667,0
frame_668.png,0,668,0
frame_669.png,0,669,0
frame_670.png,0,670,0
frame_671.png,0,671,0
frame_672.png,0,672,0
frame_673.png,0,673,0
frame_674.png,0,674,0
frame_675.png,0,675,0
frame_676.png,0,676,0
frame_677.png,0,677,0
frame_678.png,0,678,0
frame_679.png,0,679,0
frame_680.png,0,680,0
frame_681.png,0,681,0
frame_682.png,0,682,0
frame_683.png,0,683,0
frame_684.png,0,684,0
frame_685.png,0,685,0
frame_686.png,0,686,0
frame_687.png,0,687,0
